Wk,Day,Date,Time,Home,xGH,Score,xGA,Away,Attendance,Venue,Referee,Match Report,Notes,Home win,xG Rounded (Home),xG Rounded (Away),Home Win (Basic Prediection),Xg Prediction Correct,,
1,Fri,9/8/2019,20:00,Liverpool,1.7,4–1,1,Crystal Palace,"53,333",Anfield,Michael Oliver,Match Report,,1,2,1,1,1,,
1,Sat,10/8/2019,12:30,West Ham,0.8,0–5,3.1,Southampton,"59,870",London Stadium,Mike Dean,Match Report,,0,1,3,0,1,,
1,Sat,10/8/2019,15:00,Watford,0.9,0–3,0.7,Chelsea,"20,245",Vicarage Road Stadium,Craig Pawson,Match Report,,0,1,1,2,0,1,Liverpool
1,Sat,10/8/2019,15:00,Burnley,0.7,3–0,0.8,West Ham,"19,784",Turf Moor,Graham Scott,Match Report,,1,1,1,2,0,2,Manchester City
1,Sat,10/8/2019,15:00,Bournemouth,1,1–1,1,Brighton,"10,714",Vitality Stadium,Kevin Friend,Match Report,,2,1,1,2,1,3,Manchester Utd
1,Sat,10/8/2019,15:00,Crystal Palace,0.7,0–0,1,Arsenal,"25,151",Selhurst Park,Jonathan Moss,Match Report,,2,1,1,2,1,4,Chelsea
1,Sat,10/8/2019,17:30,Tottenham,2.4,3–1,0.6,Manchester City,"60,407",17 Hotspur Stadium,Chris Kavanagh,Match Report,,1,2,1,1,1,5,Leicester City
1,Sun,11/8/2019,14:00,Newcastle,0.5,0–1,1,Liverpool,"47,635",St. James' Park,Martin Atkinson,Match Report,,0,1,1,2,0,6,Tottenham
1,Sun,11/8/2019,14:00,Leicester City,0.6,0–0,0.6,Norwich,"32,015",King Power Stadium,Andre Marriner,Match Report,,0,1,1,2,0,7,Wolves
1,Sun,11/8/2019,16:30,Manchester Utd,2.3,4–0,0.8,Tottenham,"73,620",Old Trafford,Anthony Taylor,Match Report,,1,2,1,1,1,8,Arsenal
2,Sat,17/8/2019,12:30,Arsenal,0.9,2–1,1.3,Leicester City,"60,214",Emirates Stadium,Mike Dean,Match Report,,1,1,1,2,0,9,Sheffield Utd
2,Sat,17/8/2019,15:00,Southampton,1.6,1–2,1.4,Burnley,"31,712",St. Mary's Stadium,Andre Marriner,Match Report,,0,2,1,1,0,10,Burnley
2,Sat,17/8/2019,15:00,Norwich,1.4,3–1,0.7,Newcastle,"27,059",Carrow Road,Stuart Attwell,Match Report,,1,1,1,2,0,11,Southampton
2,Sat,17/8/2019,15:00,Brighton,1.6,1–1,0.8,Watford,"30,459",The American Express Community Stadium,Anthony Taylor,Match Report,,2,2,1,1,0,12,Everton
2,Sat,17/8/2019,15:00,Everton,1,1–0,1,Bournemouth,"39,066",Goodison Park,Lee Mason,Match Report,,1,1,1,2,0,13,Newcastle
2,Sat,17/8/2019,15:00,Aston Villa,1.7,1–2,1.3,Manchester Utd,"40,996",Villa Park,Martin Atkinson,Match Report,,0,2,1,1,0,14,Crystal Palace
2,Sat,17/8/2019,17:30,Manchester City,2.9,2–2,0.3,Aston Villa,"54,503",Etihad Stadium,Michael Oliver,Match Report,,2,3,0,1,0,15,Brighton
2,Sun,18/8/2019,14:00,Sheffield Utd,1.6,1–0,0.2,Wolves,"30,197",Bramall Lane,David Coote,Match Report,,1,2,0,1,1,16,West Ham
2,Sun,18/8/2019,16:30,Chelsea,1.4,1–1,0.8,Sheffield Utd,"40,629",Stamford Bridge,Oliver Langford,Match Report,,2,1,1,2,1,17,Aston Villa
2,Mon,19/8/2019,20:00,Wolves,0.3,1–1,1.3,Everton,"31,314",Molineux Stadium,Jonathan Moss,Match Report,,2,0,1,0,0,18,Bournemouth
3,Fri,23/8/2019,20:00,Aston Villa,0.9,2–0,1,Arsenal,"41,922",Villa Park,Michael Oliver,Match Report,,1,1,1,1,1,19,Watford
3,Sat,24/8/2019,12:30,Norwich,1.2,2–3,2.1,Tottenham,"27,032",Carrow Road,Martin Atkinson,Match Report,,0,1,2,0,1,20,Norwich
3,Sat,24/8/2019,15:00,Brighton,0.9,0–2,1.5,West Ham,"30,019",The American Express Community Stadium,Kevin Friend,Match Report,,0,1,2,0,1,,
3,Sat,24/8/2019,15:00,Manchester Utd,2.4,1–2,0.7,Wolves,"73,454",Old Trafford,Paul Tierney,Match Report,,0,2,1,1,0,,
3,Sat,24/8/2019,15:00,Watford,2.3,1–3,3.4,Watford,"20,035",Vicarage Road Stadium,Chris Kavanagh,Match Report,,0,2,3,0,1,,
3,Sat,24/8/2019,15:00,Sheffield Utd,0.7,1–2,0.9,Sheffield Utd,"30,079",Bramall Lane,Andy Madley,Match Report,,0,1,1,2,0,,
3,Sat,24/8/2019,17:30,Liverpool,2.5,3–1,0.9,Liverpool,"53,298",Anfield,Anthony Taylor,Match Report,,1,3,1,1,1,,
3,Sun,25/8/2019,14:00,Bournemouth,1.5,1–3,2.3,Southampton,"10,486",Vitality Stadium,Andre Marriner,Match Report,,0,2,2,2,0,,
3,Sun,25/8/2019,16:30,Tottenham,1.2,0–1,0.4,Newcastle,"59,245",17 Hotspur Stadium,Mike Dean,Match Report,,0,1,0,1,0,,
3,Sun,25/8/2019,16:30,Wolves,1.5,1–1,1.2,Leicester City,"30,522",Molineux Stadium,Craig Pawson,Match Report,,2,2,1,1,0,,
4,Sat,31/8/2019,12:30,Southampton,0.7,1–1,1.6,Everton,"30,499",St. Mary's Stadium,Mike Dean,Match Report,,2,1,2,0,0,,
4,Sat,31/8/2019,15:00,Crystal Palace,1.4,1–0,0.3,Manchester City,"25,248",Selhurst Park,Kevin Friend,Match Report,,1,1,0,1,1,,
4,Sat,31/8/2019,15:00,West Ham,1.8,2–0,1.3,Crystal Palace,"59,950",London Stadium,Paul Tierney,Match Report,,1,2,1,1,1,,
4,Sat,31/8/2019,15:00,Leicester City,1.9,3–1,0.9,Manchester Utd,"31,613",King Power Stadium,Peter Bankes,Match Report,,1,2,1,1,1,,
4,Sat,31/8/2019,15:00,Chelsea,1.7,2–2,1.1,Brighton,"40,560",Stamford Bridge,Stuart Attwell,Match Report,,2,2,1,1,0,,
4,Sat,31/8/2019,15:00,Newcastle,0.9,1–1,1.3,Bournemouth,"44,157",St. James' Park,Graham Scott,Match Report,,2,1,1,2,1,,
4,Sat,31/8/2019,15:00,Manchester City,2.1,4–0,0.5,Chelsea,"54,386",Etihad Stadium,Jonathan Moss,Match Report,,1,2,1,1,1,,
4,Sat,31/8/2019,17:30,Burnley,0.4,0–3,1.1,Burnley,"21,762",Turf Moor,Chris Kavanagh,Match Report,,0,0,1,0,1,,
4,Sun,1/9/2019,14:00,Everton,1.4,3–2,1.3,Norwich,"39,374",Goodison Park,Anthony Taylor,Match Report,,1,1,1,2,0,,
4,Sun,1/9/2019,16:30,Arsenal,2.3,2–2,2.1,Aston Villa,"60,333",Emirates Stadium,Martin Atkinson,Match Report,,2,2,2,2,1,,
5,Sat,14/9/2019,12:30,Liverpool,2.7,3–1,0.4,Newcastle,"51,430",Anfield,Andre Marriner,Match Report,,1,3,0,1,1,,
5,Sat,14/9/2019,15:00,Manchester Utd,1,1–0,0.4,Sheffield Utd,"73,689",Old Trafford,Martin Atkinson,Match Report,,1,1,0,1,1,,
5,Sat,14/9/2019,15:00,Sheffield Utd,1.9,0–1,1.3,West Ham,"30,985",Bramall Lane,Lee Mason,Match Report,,0,2,1,1,0,,
5,Sat,14/9/2019,15:00,Wolves,1.6,2–5,1.9,Tottenham,"31,534",Molineux Stadium,Graham Scott,Match Report,,0,2,2,2,0,,
5,Sat,14/9/2019,15:00,Tottenham,1,4–0,0.7,Wolves,"59,812",17 Hotspur Stadium,Craig Pawson,Match Report,,1,1,1,2,0,,
5,Sat,14/9/2019,15:00,Brighton,0.9,1–1,0.6,Leicester City,"29,398",The American Express Community Stadium,Michael Oliver,Match Report,,2,1,1,2,1,,
5,Sat,14/9/2019,17:30,Norwich,1.5,3–2,2.2,Southampton,"27,035",Carrow Road,Kevin Friend,Match Report,,1,2,2,2,0,,
5,Sun,15/9/2019,14:00,Bournemouth,1.5,3–1,1.4,Arsenal,"10,416",Vitality Stadium,Paul Tierney,Match Report,,1,2,1,1,1,,
5,Sun,15/9/2019,16:30,Watford,2.8,2–2,0.9,Liverpool,"21,360",Vicarage Road Stadium,Anthony Taylor,Match Report,,2,3,1,1,0,,
5,Mon,16/9/2019,20:00,Aston Villa,1,0–0,0.5,Watford,"42,010",Villa Park,Mike Dean,Match Report,,2,1,1,2,1,,
6,Fri,20/9/2019,20:00,Southampton,2.2,1–3,1.2,Manchester Utd,"30,168",St. Mary's Stadium,Chris Kavanagh,Match Report,,0,2,1,1,0,,
6,Sat,21/9/2019,12:30,Leicester City,1.5,2–1,1.2,Aston Villa,"32,129",King Power Stadium,Paul Tierney,Match Report,,1,2,1,1,1,,
6,Sat,21/9/2019,15:00,Everton,0.9,0–2,0.2,Brighton,"39,354",Goodison Park,Simon Hooper,Match Report,,0,1,0,1,0,,
6,Sat,21/9/2019,15:00,Burnley,1.5,2–0,0.6,Crystal Palace,"19,712",Turf Moor,David Coote,Match Report,,1,2,1,1,1,,
6,Sat,21/9/2019,15:00,Manchester City,5.8,8–0,0.3,Bournemouth,"54,273",Etihad Stadium,Mike Dean,Match Report,,1,6,0,1,1,,
6,Sat,21/9/2019,17:30,Newcastle,1,0–0,1,Chelsea,"43,316",St. James' Park,Martin Atkinson,Match Report,,2,1,1,2,1,,
6,Sun,22/9/2019,14:00,West Ham,0.5,2–0,1,Everton,"59,936",London Stadium,Anthony Taylor,Match Report,,1,1,1,2,0,,
6,Sun,22/9/2019,14:00,Crystal Palace,0.9,1–1,0.9,Norwich,"25,122",Selhurst Park,Stuart Attwell,Match Report,,2,1,1,2,1,,
6,Sun,22/9/2019,16:30,Arsenal,2.4,3–2,1.1,Manchester City,"60,331",Emirates Stadium,Jonathan Moss,Match Report,,1,2,1,1,1,,
6,Sun,22/9/2019,16:30,Chelsea,1.2,1–2,0.9,Burnley,"40,638",Stamford Bridge,Michael Oliver,Match Report,,0,1,1,2,0,,
7,Sat,28/9/2019,12:30,Sheffield Utd,1.3,0–1,1.9,Burnley,"31,774",Bramall Lane,Anthony Taylor,Match Report,,0,1,2,0,1,,
7,Sat,28/9/2019,15:00,Aston Villa,0.8,2–2,1.5,Leicester City,"41,546",Villa Park,Lee Mason,Match Report,,2,1,2,0,0,,
7,Sat,28/9/2019,15:00,Crystal Palace,1.5,2–0,0.5,Crystal Palace,"25,477",Selhurst Park,Jonathan Moss,Match Report,,1,2,1,1,1,,
7,Sat,28/9/2019,15:00,Wolves,1.5,2–0,0.9,Bournemouth,"30,711",Molineux Stadium,Paul Tierney,Match Report,,1,2,1,1,1,,
7,Sat,28/9/2019,15:00,Tottenham,1,2–1,1.6,West Ham,"59,645",17 Hotspur Stadium,Graham Scott,Match Report,,1,1,2,0,0,,
7,Sat,28/9/2019,15:00,Chelsea,3.2,2–0,0.5,Chelsea,"40,683",Stamford Bridge,Chris Kavanagh,Match Report,,1,3,1,1,1,,
7,Sat,28/9/2019,15:00,Bournemouth,1.9,2–2,1.5,Watford,"10,729",Vitality Stadium,Stuart Attwell,Match Report,,2,2,2,2,1,,
7,Sat,28/9/2019,17:30,Everton,2.5,1–3,3.5,Southampton,"39,222",Goodison Park,Michael Oliver,Match Report,,0,3,4,0,1,,
7,Sun,29/9/2019,16:30,Leicester City,1.1,5–0,0.2,Newcastle,"32,168",King Power Stadium,Craig Pawson,Match Report,,1,1,0,1,1,,
7,Mon,30/9/2019,20:00,Manchester Utd,1.2,1–1,1.9,Liverpool,"73,201",Old Trafford,Kevin Friend,Match Report,,2,1,2,0,0,,
8,Sat,5/10/2019,12:30,Brighton,2,3–0,0.6,Aston Villa,"30,610",The American Express Community Stadium,Jonathan Moss,Match Report,,1,2,1,1,1,,
8,Sat,5/10/2019,15:00,Norwich,3.1,1–5,2.9,Manchester City,"27,045",Carrow Road,Andy Madley,Match Report,,0,3,3,2,0,,
8,Sat,5/10/2019,15:00,Burnley,0.7,1–0,0.9,Arsenal,"20,650",Turf Moor,Graham Scott,Match Report,,1,1,1,2,0,,
8,Sat,5/10/2019,15:00,Liverpool,2.8,2–1,0.1,Sheffield Utd,"53,322",Anfield,Chris Kavanagh,Match Report,,1,3,0,1,1,,
8,Sat,5/10/2019,15:00,Watford,1.5,0–0,0.5,Brighton,"20,811",Vicarage Road Stadium,Andre Marriner,Match Report,,2,2,1,1,0,,
8,Sat,5/10/2019,17:30,West Ham,1.3,1–2,2.1,Wolves,"59,912",London Stadium,Michael Oliver,Match Report,,0,1,2,0,1,,
8,Sun,6/10/2019,14:00,Arsenal,0.9,1–0,0.5,Manchester Utd,"60,326",Emirates Stadium,Martin Atkinson,Match Report,,1,1,1,2,0,,
8,Sun,6/10/2019,14:00,Manchester City,1.3,0–2,1.6,Norwich,"54,435",Etihad Stadium,Craig Pawson,Match Report,,0,1,2,0,1,,
8,Sun,6/10/2019,14:00,Southampton,1,1–4,1.9,Tottenham,"31,473",St. Mary's Stadium,Paul Tierney,Match Report,,0,1,2,0,1,,
8,Sun,6/10/2019,16:30,Newcastle,0.5,1–0,0.6,Everton,"51,198",St. James' Park,Mike Dean,Match Report,,1,1,1,2,0,,
9,Sat,19/10/2019,12:30,Everton,2.1,2–0,0.9,Watford,"39,263",Goodison Park,Paul Tierney,Match Report,,1,2,1,1,1,,
9,Sat,19/10/2019,15:00,Bournemouth,0.6,0–0,0.4,Crystal Palace,"10,669",Vitality Stadium,Lee Mason,Match Report,,2,1,0,1,0,,
9,Sat,19/10/2019,15:00,Aston Villa,2.7,2–1,1.2,Chelsea,"41,826",Villa Park,David Coote,Match Report,,1,3,1,1,1,,
9,Sat,19/10/2019,15:00,Chelsea,1.9,1–0,0.3,Newcastle,"40,513",Stamford Bridge,Andre Marriner,Match Report,,1,2,0,1,1,,
9,Sat,19/10/2019,15:00,Wolves,0.9,1–1,1.6,West Ham,"30,915",Molineux Stadium,Peter Bankes,Match Report,,2,1,2,0,0,,
9,Sat,19/10/2019,15:00,Tottenham,1,1–1,0.8,Bournemouth,"58,754",17 Hotspur Stadium,Chris Kavanagh,Match Report,,2,1,1,2,1,,
9,Sat,19/10/2019,15:00,Leicester City,1.4,2–1,1.4,Leicester City,"32,105",King Power Stadium,Jonathan Moss,Match Report,,1,1,1,2,0,,
9,Sat,19/10/2019,17:30,Crystal Palace,0.5,0–2,2.2,Southampton,"25,480",Selhurst Park,Anthony Taylor,Match Report,,0,1,2,0,1,,
9,Sun,20/10/2019,16:30,Manchester Utd,0.7,1–1,1.1,Burnley,"73,737",Old Trafford,Martin Atkinson,Match Report,,2,1,1,2,1,,
9,Mon,21/10/2019,20:00,Sheffield Utd,1,1–0,0.8,Liverpool,"30,775",Bramall Lane,Mike Dean,Match Report,,1,1,1,2,0,,
10,Fri,25/10/2019,20:00,Southampton,0.4,0–9,3.7,Sheffield Utd,"28,762",St. Mary's Stadium,Andre Marriner,Match Report,,0,0,4,0,1,,
10,Sat,26/10/2019,12:30,Manchester City,2.4,3–0,0.9,Manchester City,"54,506",Etihad Stadium,Graham Scott,Match Report,,1,2,1,1,1,,
10,Sat,26/10/2019,15:00,West Ham,2,1–1,1.7,Brighton,"59,878",London Stadium,David Coote,Match Report,,2,2,2,2,1,,
10,Sat,26/10/2019,15:00,Brighton,1.3,3–2,0.7,Arsenal,"30,529",The American Express Community Stadium,Andy Madley,Match Report,,1,1,1,2,0,,
10,Sat,26/10/2019,15:00,Watford,0.8,0–0,1.1,Manchester Utd,"20,821",Vicarage Road Stadium,Mike Dean,Match Report,,2,1,1,2,1,,
10,Sat,26/10/2019,17:30,Burnley,2.2,2–4,1,Tottenham,"20,975",Turf Moor,Michael Oliver,Match Report,,0,2,1,1,0,,
10,Sun,27/10/2019,14:00,Newcastle,0.7,1–1,1,Norwich,"46,019",St. James' Park,Kevin Friend,Match Report,,2,1,1,2,1,,
10,Sun,27/10/2019,16:30,Arsenal,1.7,2–2,1.7,Wolves,"60,345",Emirates Stadium,Martin Atkinson,Match Report,,2,2,2,2,1,,
10,Sun,27/10/2019,16:30,Norwich,1,1–3,4.1,Everton,"27,108",Carrow Road,Stuart Attwell,Match Report,,0,1,4,0,1,,
10,Sun,27/10/2019,16:30,Liverpool,2.5,2–1,1.4,Aston Villa,"53,222",Anfield,Anthony Taylor,Match Report,,1,3,1,1,1,,
11,Sat,2/11/2019,12:30,Bournemouth,1.7,1–0,0.7,Everton,"10,669",Vitality Stadium,Chris Kavanagh,Match Report,,1,2,1,1,1,,
11,Sat,2/11/2019,15:00,Sheffield Utd,2.1,3–0,0.8,Leicester City,"31,131",Bramall Lane,Simon Hooper,Match Report,,1,2,1,1,1,,
11,Sat,2/11/2019,15:00,Brighton,2.3,2–0,0.4,Crystal Palace,"30,539",The American Express Community Stadium,Kevin Friend,Match Report,,1,2,0,1,1,,
11,Sat,2/11/2019,15:00,Manchester City,3.1,2–1,0.7,West Ham,"53,922",Etihad Stadium,Lee Mason,Match Report,,1,3,1,1,1,,
11,Sat,2/11/2019,15:00,Aston Villa,0.7,1–2,2.6,Burnley,"41,878",Villa Park,Jonathan Moss,Match Report,,0,1,3,0,1,,
11,Sat,2/11/2019,15:00,Arsenal,1.1,1–1,1.5,Norwich,"60,383",Emirates Stadium,Michael Oliver,Match Report,,2,1,2,0,0,,
11,Sat,2/11/2019,15:00,West Ham,1.9,2–3,1.5,Newcastle,"59,907",London Stadium,Stuart Attwell,Match Report,,0,2,2,2,0,,
11,Sat,2/11/2019,17:30,Watford,1.4,1–2,2.6,Tottenham,"21,011",Vicarage Road Stadium,Anthony Taylor,Match Report,,0,1,3,0,1,,
11,Sun,3/11/2019,14:00,Crystal Palace,0.4,0–2,1.4,Sheffield Utd,"25,480",Selhurst Park,Paul Tierney,Match Report,,0,0,1,0,1,,
11,Sun,3/11/2019,16:30,Everton,0.8,1–1,0.5,Aston Villa,"39,001",Goodison Park,Martin Atkinson,Match Report,,2,1,1,2,1,,
12,Fri,8/11/2019,20:00,Norwich,0.8,0–2,0.8,Bournemouth,"27,074",Carrow Road,Andre Marriner,Match Report,,0,1,1,2,0,,
12,Sat,9/11/2019,12:30,Chelsea,2.5,2–0,0.2,Wolves,"40,525",Stamford Bridge,Mike Dean,Match Report,,1,3,0,1,1,,
12,Sat,9/11/2019,15:00,Newcastle,3,2–1,2.3,Manchester Utd,"44,424",St. James' Park,Martin Atkinson,Match Report,,1,3,2,1,1,,
12,Sat,9/11/2019,15:00,Burnley,1.6,3–0,0.4,Watford,"20,255",Turf Moor,Kevin Friend,Match Report,,1,2,0,1,1,,
12,Sat,9/11/2019,15:00,Tottenham,1.1,1–1,1,Brighton,"59,781",17 Hotspur Stadium,Graham Scott,Match Report,,2,1,1,2,1,,
12,Sat,9/11/2019,15:00,Southampton,0.9,1–2,1.9,Arsenal,"29,754",St. Mary's Stadium,Paul Tierney,Match Report,,0,1,2,0,1,,
12,Sat,9/11/2019,17:30,Leicester City,1.6,2–0,0.8,Liverpool,"32,209",King Power Stadium,Chris Kavanagh,Match Report,,1,2,1,1,1,,
12,Sun,10/11/2019,14:00,Wolves,1.9,2–1,0.7,Manchester City,"31,607",Molineux Stadium,Anthony Taylor,Match Report,,1,2,1,1,1,,
12,Sun,10/11/2019,14:00,Manchester Utd,2.2,3–1,0.9,Chelsea,"73,556",Old Trafford,Jonathan Moss,Match Report,,1,2,1,1,1,,
12,Sun,10/11/2019,16:30,Liverpool,1,3–1,1.3,Southampton,"53,324",Anfield,Michael Oliver,Match Report,,1,1,1,2,0,,
13,Sat,23/11/2019,12:30,West Ham,0.7,2–3,1.6,Aston Villa,"59,930",London Stadium,Michael Oliver,Match Report,,0,1,2,0,1,,
13,Sat,23/11/2019,15:00,Crystal Palace,1,1–2,1.4,Burnley,"25,486",Selhurst Park,Kevin Friend,Match Report,,0,1,1,2,0,,
13,Sat,23/11/2019,15:00,Arsenal,2,2–2,2.8,West Ham,"60,295",Emirates Stadium,Stuart Attwell,Match Report,,2,2,3,0,0,,
13,Sat,23/11/2019,15:00,Bournemouth,0.5,1–2,1.4,Norwich,"10,539",Vitality Stadium,Simon Hooper,Match Report,,0,1,1,2,0,,
13,Sat,23/11/2019,15:00,Everton,0.8,0–2,1.8,Crystal Palace,"39,241",Goodison Park,Anthony Taylor,Match Report,,0,1,2,0,1,,
13,Sat,23/11/2019,15:00,Brighton,0.8,0–2,3.4,Sheffield Utd,"30,640",The American Express Community Stadium,Mike Dean,Match Report,,0,1,3,0,1,,
13,Sat,23/11/2019,15:00,Watford,1,0–3,2.3,Leicester City,"19,711",Vicarage Road Stadium,Paul Tierney,Match Report,,0,1,2,0,1,,
13,Sat,23/11/2019,17:30,Manchester City,1.1,2–1,1.1,Tottenham,"54,486",Etihad Stadium,Martin Atkinson,Match Report,,1,1,1,2,0,,
13,Sun,24/11/2019,16:30,Sheffield Utd,1.4,3–3,1.4,Everton,"32,024",Bramall Lane,Andre Marriner,Match Report,,2,1,1,2,1,,
13,Mon,25/11/2019,20:00,Aston Villa,1.8,2–0,0.6,Newcastle,"41,821",Villa Park,Lee Mason,Match Report,,1,2,1,1,1,,
14,Sat,30/11/2019,12:30,Newcastle,0.3,2–2,2.6,Southampton,"49,937",St. James' Park,Chris Kavanagh,Match Report,,2,0,3,0,0,,
14,Sat,30/11/2019,15:00,Tottenham,2.8,3–2,1.4,Manchester Utd,"59,626",17 Hotspur Stadium,Lee Mason,Match Report,,1,3,1,1,1,,
14,Sat,30/11/2019,15:00,Liverpool,1.9,2–1,1,Chelsea,"53,319",Anfield,Martin Atkinson,Match Report,,1,2,1,1,1,,
14,Sat,30/11/2019,15:00,Burnley,1.5,0–2,0.8,Wolves,"19,818",Turf Moor,Peter Bankes,Match Report,,0,2,1,1,0,,
14,Sat,30/11/2019,15:00,Chelsea,2,0–1,0.8,Watford,"40,595",Stamford Bridge,Jonathan Moss,Match Report,,0,2,1,1,0,,
14,Sat,30/11/2019,17:30,Southampton,1.4,2–1,0.7,Bournemouth,"26,929",St. Mary's Stadium,Michael Oliver,Match Report,,1,1,1,2,0,,
14,Sun,1/12/2019,14:00,Norwich,1.3,2–2,2,Liverpool,"27,067",Carrow Road,Paul Tierney,Match Report,,2,1,2,0,0,,
14,Sun,1/12/2019,14:00,Wolves,1.2,1–1,1,Brighton,"31,642",Molineux Stadium,David Coote,Match Report,,2,1,1,2,1,,
14,Sun,1/12/2019,16:30,Leicester City,2.6,2–1,0.9,Arsenal,"32,144",King Power Stadium,Graham Scott,Match Report,,1,3,1,1,1,,
14,Sun,1/12/2019,16:30,Manchester Utd,1.7,2–2,1.4,Manchester City,"73,381",Old Trafford,Craig Pawson,Match Report,,2,2,1,1,0,,
15,Tue,3/12/2019,19:30,Crystal Palace,0.4,1–0,0.3,Manchester Utd,"23,497",Selhurst Park,Anthony Taylor,Match Report,,1,0,0,2,0,,
15,Tue,3/12/2019,20:15,Burnley,0.5,1–4,1.8,Southampton,"20,101",Turf Moor,Jonathan Moss,Match Report,,0,1,2,0,1,,
15,Wed,4/12/2019,19:30,Manchester Utd,1.3,2–1,0.5,Aston Villa,"73,252",Old Trafford,Paul Tierney,Match Report,,1,1,1,2,0,,
15,Wed,4/12/2019,19:30,Wolves,1.6,2–0,0.5,Watford,"31,217",Molineux Stadium,Andre Marriner,Match Report,,1,2,1,1,1,,
15,Wed,4/12/2019,19:30,Leicester City,3,2–0,0.2,Bournemouth,"31,763",King Power Stadium,Craig Pawson,Match Report,,1,3,0,1,1,,
15,Wed,4/12/2019,19:30,Southampton,1.1,2–1,0.8,Crystal Palace,"27,019",St. Mary's Stadium,Kevin Friend,Match Report,,1,1,1,2,0,,
15,Wed,4/12/2019,19:30,Chelsea,2.1,2–1,0.7,Manchester City,"40,628",Stamford Bridge,Chris Kavanagh,Match Report,,1,2,1,1,1,,
15,Wed,4/12/2019,20:15,Liverpool,2.7,5–2,1.5,Arsenal,"53,094",Anfield,Mike Dean,Match Report,,1,3,2,1,1,,
15,Thu,5/12/2019,19:30,Sheffield Utd,1.3,0–2,0.8,Newcastle,"30,409",Bramall Lane,Stuart Attwell,Match Report,,0,1,1,2,0,,
15,Thu,5/12/2019,20:15,Arsenal,1,1–2,2.3,Chelsea,"60,164",Emirates Stadium,Graham Scott,Match Report,,0,1,2,0,1,,
16,Sat,7/12/2019,12:30,Everton,1.7,3–1,0.9,Tottenham,"39,114",Goodison Park,Craig Pawson,Match Report,,1,2,1,1,1,,
16,Sat,7/12/2019,15:00,Watford,1.2,0–0,0.2,Wolves,"20,070",Vicarage Road Stadium,Martin Atkinson,Match Report,,2,1,0,1,0,,
16,Sat,7/12/2019,15:00,Bournemouth,0.2,0–3,2.3,Burnley,"10,832",Vitality Stadium,Chris Kavanagh,Match Report,,0,0,2,0,1,,
16,Sat,7/12/2019,15:00,Tottenham,2.3,5–0,0.5,Leicester City,"58,401",17 Hotspur Stadium,Kevin Friend,Match Report,,1,2,1,1,1,,
16,Sat,7/12/2019,17:30,Manchester City,2,1–2,1.6,Everton,"54,403",Etihad Stadium,Anthony Taylor,Match Report,,0,2,2,2,0,,
16,Sun,8/12/2019,14:00,Aston Villa,1,1–4,4.4,Sheffield Utd,"41,908",Villa Park,Michael Oliver,Match Report,,0,1,4,0,1,,
16,Sun,8/12/2019,14:00,Norwich,0.8,1–2,0.7,Brighton,"26,881",Carrow Road,Simon Hooper,Match Report,,0,1,1,2,0,,
16,Sun,8/12/2019,14:00,Newcastle,1.2,2–1,2.3,West Ham,"42,303",St. James' Park,David Coote,Match Report,,1,1,2,0,0,,
16,Sun,8/12/2019,16:30,Brighton,1,2–2,1.6,Norwich,"30,189",The American Express Community Stadium,Jonathan Moss,Match Report,,2,1,2,0,0,,
16,Mon,9/12/2019,20:00,West Ham,0.6,1–3,1.7,Liverpool,"59,936",London Stadium,Mike Dean,Match Report,,0,1,2,0,1,,
17,Sat,14/12/2019,12:30,Liverpool,1.6,2–0,1.4,Bournemouth,"53,311",Anfield,Andre Marriner,Match Report,,1,2,1,1,1,,
17,Sat,14/12/2019,15:00,Chelsea,1.5,0–1,0.8,Manchester Utd,"40,243",Stamford Bridge,Graham Scott,Match Report,,0,2,1,1,0,,
17,Sat,14/12/2019,15:00,Leicester City,1.3,1–1,1.7,Crystal Palace,"32,101",King Power Stadium,Andy Madley,Match Report,,2,1,2,0,0,,
17,Sat,14/12/2019,15:00,Sheffield Utd,1.4,2–0,1.1,Manchester City,"30,396",Bramall Lane,Peter Bankes,Match Report,,1,1,1,2,0,,
17,Sat,14/12/2019,15:00,Burnley,1,1–0,0.7,Newcastle,"19,798",Turf Moor,Tim Robinson,Match Report,,1,1,1,2,0,,
17,Sat,14/12/2019,17:30,Southampton,0.9,0–1,1,Watford,"27,701",St. Mary's Stadium,Martin Atkinson,Match Report,,0,1,1,2,0,,
17,Sun,15/12/2019,14:00,Wolves,0.8,1–2,0.9,Aston Villa,"31,674",Molineux Stadium,Stuart Attwell,Match Report,,0,1,1,2,0,,
17,Sun,15/12/2019,14:00,Manchester Utd,1.7,1–1,0.3,Arsenal,"63,328",Old Trafford,Michael Oliver,Match Report,,2,2,0,1,0,,
17,Sun,15/12/2019,16:30,Arsenal,0.4,0–3,1.8,Southampton,"60,031",Emirates Stadium,Paul Tierney,Match Report,,0,0,2,0,1,,
17,Mon,16/12/2019,19:45,Crystal Palace,0.7,1–1,2.3,Chelsea,"24,175",Selhurst Park,Craig Pawson,Match Report,,1,1,2,0,0,,
18,Sat,21/12/2019,12:30,Everton,0.4,0–0,0.7,Liverpool,"39,336",Goodison Park,Kevin Friend,Match Report,,2,0,1,0,0,,
18,Sat,21/12/2019,15:00,Newcastle,0.5,1–0,1.4,Wolves,"45,453",St. James' Park,Simon Hooper,Match Report,,1,1,1,2,0,,
18,Sat,21/12/2019,15:00,Aston Villa,1,1–3,3.1,West Ham,"41,834",Villa Park,Craig Pawson,Match Report,,0,1,3,0,1,,
18,Sat,21/12/2019,15:00,Brighton,0.5,0–1,1.3,Brighton,"30,505",The American Express Community Stadium,Robert Jones,Match Report,,0,1,1,2,0,,
18,Sat,21/12/2019,15:00,Bournemouth,0.2,0–1,0.2,Leicester City,"10,020",Vitality Stadium,Martin Atkinson,Match Report,,0,0,0,2,0,,
18,Sat,21/12/2019,15:00,Norwich,1.3,1–2,1.3,Norwich,"27,053",Carrow Road,Peter Bankes,Match Report,,0,1,1,2,0,,
18,Sat,21/12/2019,17:30,Manchester City,3.4,3–1,1,Sheffield Utd,"54,415",Etihad Stadium,Mike Dean,Match Report,,1,3,1,1,1,,
18,Sun,22/12/2019,14:00,Watford,1.5,2–0,1.7,Everton,"21,488",Vicarage Road Stadium,Lee Mason,Match Report,,1,2,2,2,0,,
18,Sun,22/12/2019,16:30,Tottenham,0.4,0–2,1.4,Tottenham,"61,104",17 Hotspur Stadium,Anthony Taylor,Match Report,,0,0,1,0,1,,
19,Thu,26/12/2019,12:30,Tottenham,1.5,2–1,0.6,Chelsea,"56,308",17 Hotspur Stadium,Graham Scott,Match Report,,1,2,1,1,1,,
19,Thu,26/12/2019,15:00,Bournemouth,0.9,1–1,1.5,Liverpool,"10,234",Vitality Stadium,Stuart Attwell,Match Report,,2,1,2,0,0,,
19,Thu,26/12/2019,15:00,Everton,1.6,1–0,0.4,Leicester City,"39,177",Goodison Park,Anthony Taylor,Match Report,,1,2,0,1,1,,
19,Thu,26/12/2019,15:00,Sheffield Utd,2.1,1–1,0.7,Bournemouth,"30,222",Bramall Lane,David Coote,Match Report,,2,2,1,1,0,,
19,Thu,26/12/2019,15:00,Aston Villa,0.6,1–0,1.1,Crystal Palace,"41,289",Villa Park,Chris Kavanagh,Match Report,,1,1,1,2,0,,
19,Thu,26/12/2019,15:00,Crystal Palace,2,2–1,0.9,Watford,"25,462",Selhurst Park,Andre Marriner,Match Report,,1,2,1,1,1,,
19,Thu,26/12/2019,15:00,Chelsea,0.5,0–2,0.7,West Ham,"40,651",Stamford Bridge,Jonathan Moss,Match Report,,0,1,1,2,0,,
19,Thu,26/12/2019,17:30,Manchester Utd,1.6,4–1,0.9,Newcastle,"73,206",Old Trafford,Kevin Friend,Match Report,,1,2,1,1,1,,
19,Thu,26/12/2019,20:00,Leicester City,0.1,0–4,3.1,Burnley,"32,211",King Power Stadium,Michael Oliver,Match Report,,0,0,3,0,1,,
19,Fri,27/12/2019,19:45,Wolves,1.8,3–2,1.6,Southampton,"31,737",Molineux Stadium,Martin Atkinson,Match Report,,1,2,2,2,0,,
20,Sat,28/12/2019,12:30,Brighton,1,2–0,0.6,Manchester Utd,"30,441",The American Express Community Stadium,Paul Tierney,Match Report,,1,1,1,2,0,,
20,Sat,28/12/2019,15:00,Watford,2.9,3–0,0.5,Manchester City,"21,348",Vicarage Road Stadium,Simon Hooper,Match Report,,1,3,1,1,1,,
20,Sat,28/12/2019,15:00,Newcastle,1.5,1–2,3.5,Arsenal,"52,211",St. James' Park,Lee Mason,Match Report,,0,2,4,0,1,,
20,Sat,28/12/2019,15:00,Southampton,1.4,1–1,0.2,Wolves,"31,108",St. Mary's Stadium,Andy Madley,Match Report,,2,1,0,1,0,,
20,Sat,28/12/2019,17:30,West Ham,0.9,1–2,2.2,Sheffield Utd,"59,919",London Stadium,David Coote,Match Report,,0,1,2,0,1,,
20,Sat,28/12/2019,17:30,Norwich,0.4,2–2,1.8,Aston Villa,"27,072",Carrow Road,Kevin Friend,Match Report,,2,0,2,0,0,,
20,Sat,28/12/2019,19:45,Burnley,0.4,0–2,1.8,Everton,"21,924",Turf Moor,Mike Dean,Match Report,,0,0,2,0,1,,
20,Sun,29/12/2019,14:00,Arsenal,0.8,1–2,1.5,Tottenham,"60,309",Emirates Stadium,Craig Pawson,Match Report,,0,1,2,0,1,,
20,Sun,29/12/2019,16:30,Liverpool,1.2,1–0,0.6,Norwich,"53,326",Anfield,Anthony Taylor,Match Report,,1,1,1,2,0,,
20,Sun,29/12/2019,18:00,Manchester City,1.1,2–0,1.1,Brighton,"54,512",Etihad Stadium,Chris Kavanagh,Match Report,,1,1,1,2,0,,
21,Wed,1/1/2020,12:30,Brighton,0.9,1–1,1.6,Tottenham,"30,559",The American Express Community Stadium,Stuart Attwell,Match Report,,2,1,2,0,0,,
21,Wed,1/1/2020,12:30,Burnley,2,1–2,0.9,Manchester City,"19,561",Turf Moor,Michael Oliver,Match Report,,0,2,1,1,0,,
21,Wed,1/1/2020,15:00,Watford,0.9,2–1,1.4,Norwich,"20,584",Vicarage Road Stadium,Andy Madley,Match Report,,1,1,1,2,0,,
21,Wed,1/1/2020,15:00,Newcastle,0.7,0–3,1.7,Sheffield Utd,"52,178",St. James' Park,Martin Atkinson,Match Report,,0,1,2,0,1,,
21,Wed,1/1/2020,15:00,Southampton,1.4,1–0,0.5,Aston Villa,"30,976",St. Mary's Stadium,Mike Dean,Match Report,,1,1,1,2,0,,
21,Wed,1/1/2020,17:30,Norwich,1.6,1–1,1.5,Wolves,"27,021",Carrow Road,Jonathan Moss,Match Report,,2,2,2,2,1,,
21,Wed,1/1/2020,17:30,West Ham,1.8,4–0,0.3,Manchester Utd,"59,917",London Stadium,Graham Scott,Match Report,,1,2,0,1,1,,
21,Wed,1/1/2020,17:30,Manchester City,1.6,2–1,1.2,Arsenal,"54,407",Etihad Stadium,Andre Marriner,Match Report,,1,2,1,1,1,,
21,Wed,1/1/2020,20:00,Arsenal,1.5,2–0,0.8,Everton,"60,328",Emirates Stadium,Chris Kavanagh,Match Report,,1,2,1,1,1,,
21,Thu,2/1/2020,20:00,Liverpool,3.2,2–0,0.8,Brighton,"53,321",Anfield,Paul Tierney,Match Report,,1,3,1,1,1,,
22,Fri,10/1/2020,20:00,Sheffield Utd,1.8,1–0,0.7,Watford,"30,124",Bramall Lane,Michael Oliver,Match Report,,1,2,1,1,1,,
22,Sat,11/1/2020,12:30,Crystal Palace,0.4,1–1,1.3,Liverpool,"25,468",Selhurst Park,Paul Tierney,Match Report,,2,0,1,0,0,,
22,Sat,11/1/2020,15:00,Chelsea,2.6,3–0,0.4,Leicester City,"40,396",Stamford Bridge,Kevin Friend,Match Report,,1,3,0,1,1,,
22,Sat,11/1/2020,15:00,Leicester City,1,1–2,2.3,West Ham,"32,115",King Power Stadium,Lee Mason,Match Report,,0,1,2,0,1,,
22,Sat,11/1/2020,15:00,Manchester Utd,2.2,4–0,0.3,Crystal Palace,"73,271",Old Trafford,Anthony Taylor,Match Report,,1,2,0,1,1,,
22,Sat,11/1/2020,15:00,Wolves,0.9,1–1,0.3,Newcastle,"31,570",Molineux Stadium,Peter Bankes,Match Report,,2,1,0,1,0,,
22,Sat,11/1/2020,15:00,Everton,1.8,1–0,1.2,Chelsea,"38,772",Goodison Park,David Coote,Match Report,,1,2,1,1,1,,
22,Sat,11/1/2020,17:30,Tottenham,1.6,0–1,1.9,Burnley,"61,023",17 Hotspur Stadium,Martin Atkinson,Match Report,,0,2,2,2,0,,
22,Sun,12/1/2020,14:00,Bournemouth,0.3,0–3,2,Bournemouth,"10,384",Vitality Stadium,Mike Dean,Match Report,,0,0,2,0,1,,
22,Sun,12/1/2020,16:30,Aston Villa,1,1–6,2.5,Southampton,"41,823",Villa Park,Jonathan Moss,Match Report,,0,1,3,0,1,,
23,Sat,18/1/2020,12:30,Watford,1.8,0–0,1.6,Aston Villa,"21,366",Vicarage Road Stadium,Michael Oliver,Match Report,,2,2,2,2,1,,
23,Sat,18/1/2020,15:00,Brighton,0.7,1–1,0.7,Manchester City,"30,551",The American Express Community Stadium,Andy Madley,Match Report,,2,1,1,2,1,,
23,Sat,18/1/2020,15:00,Manchester City,2.1,2–2,0.5,Wolves,"54,439",Etihad Stadium,Graham Scott,Match Report,,2,2,1,1,0,,
23,Sat,18/1/2020,15:00,West Ham,1.2,1–1,1.2,Arsenal,"59,915",London Stadium,Andre Marriner,Match Report,,2,1,1,2,1,,
23,Sat,18/1/2020,15:00,Norwich,2,1–0,0.9,Manchester Utd,"26,781",Carrow Road,Paul Tierney,Match Report,,1,2,1,1,1,,
23,Sat,18/1/2020,15:00,Southampton,0.7,2–3,1.7,Norwich,"31,152",St. Mary's Stadium,Darren England,Match Report,,0,1,2,0,1,,
23,Sat,18/1/2020,15:00,Arsenal,1.3,1–1,0.7,Brighton,"60,310",Emirates Stadium,Mike Dean,Match Report,,2,1,1,2,1,,
23,Sat,18/1/2020,17:30,Newcastle,0.6,1–0,2,Tottenham,"52,217",St. James' Park,Chris Kavanagh,Match Report,,1,1,2,0,0,,
23,Sun,19/1/2020,14:00,Burnley,1.4,2–1,2.4,Sheffield Utd,"19,788",Turf Moor,Anthony Taylor,Match Report,,1,1,2,0,0,,
23,Sun,19/1/2020,16:30,Liverpool,2.3,2–0,1.2,Everton,"52,916",Anfield,Craig Pawson,Match Report,,1,2,1,1,1,,
24,Tue,21/1/2020,19:30,Crystal Palace,0.8,0–2,1.3,West Ham,"23,739",Selhurst Park,Andre Marriner,Match Report,,0,1,1,2,0,,
24,Tue,21/1/2020,19:30,Bournemouth,1.6,3–1,1.2,Chelsea,"10,065",Vitality Stadium,Kevin Friend,Match Report,,1,2,1,1,1,,
24,Tue,21/1/2020,19:30,Aston Villa,1,2–1,1.3,Bournemouth,"40,867",Villa Park,Martin Atkinson,Match Report,,1,1,1,2,0,,
24,Tue,21/1/2020,19:30,Sheffield Utd,0.8,0–1,2.9,Southampton,"31,285",Bramall Lane,Lee Mason,Match Report,,0,1,3,0,1,,
24,Tue,21/1/2020,19:30,Everton,1.6,2–2,0.8,Newcastle,"38,822",Goodison Park,Simon Hooper,Match Report,,2,2,1,1,0,,
24,Tue,21/1/2020,20:15,Chelsea,2.8,2–2,0.5,Liverpool,"40,577",Stamford Bridge,Stuart Attwell,Match Report,,2,3,1,1,0,,
24,Wed,22/1/2020,19:30,Leicester City,2.8,4–1,1.6,Watford,"31,968",King Power Stadium,David Coote,Match Report,,1,3,2,1,1,,
24,Wed,22/1/2020,19:30,Tottenham,1.9,2–1,1.6,Crystal Palace,"58,182",17 Hotspur Stadium,Chris Kavanagh,Match Report,,1,2,2,2,0,,
24,Wed,22/1/2020,20:15,Manchester Utd,1.8,0–2,0.6,Leicester City,"73,198",Old Trafford,Jonathan Moss,Match Report,,0,2,1,1,0,,
24,Thu,23/1/2020,20:00,Wolves,1.6,1–2,1.5,Burnley,"31,746",Molineux Stadium,Michael Oliver,Match Report,,0,2,2,2,0,,
18,Wed,29/1/2020,19:45,West Ham,0.8,0–2,2.5,Burnley,"59,959",London Stadium,Jonathan Moss,Match Report,,0,1,3,0,1,,
25,Sat,1/2/2020,12:30,Leicester City,1.6,2–2,0.4,Tottenham,"32,186",King Power Stadium,Lee Mason,Match Report,,2,2,0,1,0,,
25,Sat,1/2/2020,15:00,Watford,0.6,2–3,2.1,Arsenal,"21,229",Vicarage Road Stadium,Craig Pawson,Match Report,,0,1,2,0,1,,
25,Sat,1/2/2020,15:00,Newcastle,0.7,0–0,1.4,Crystal Palace,"52,204",St. James' Park,Martin Atkinson,Match Report,,2,1,1,2,1,,
25,Sat,1/2/2020,15:00,Bournemouth,2.2,2–1,1.3,Manchester City,"10,722",Vitality Stadium,Anthony Taylor,Match Report,,1,2,1,1,1,,
25,Sat,1/2/2020,15:00,Liverpool,3.2,4–0,1,West Ham,"53,291",Anfield,Kevin Friend,Match Report,,1,3,1,1,1,,
25,Sat,1/2/2020,15:00,Crystal Palace,1.1,0–1,0.6,Brighton,"25,170",Selhurst Park,Andy Madley,Match Report,,0,1,1,2,0,,
25,Sat,1/2/2020,15:00,West Ham,0.9,3–3,2,Chelsea,"59,952",London Stadium,Michael Oliver,Match Report,,2,1,2,0,0,,
25,Sat,1/2/2020,17:30,Manchester Utd,0.8,0–0,0.9,Norwich,"73,363",Old Trafford,Paul Tierney,Match Report,,2,1,1,2,1,,
25,Sun,2/2/2020,14:00,Burnley,1.9,0–0,1,Liverpool,"21,048",Turf Moor,Chris Kavanagh,Match Report,,2,2,1,1,0,,
25,Sun,2/2/2020,16:30,Tottenham,0.3,2–0,3,Southampton,"61,022",17 Hotspur Stadium,Mike Dean,Match Report,,1,0,3,0,0,,
26,Sat,8/2/2020,12:30,Everton,2.4,3–1,1.1,Wolves,"38,987",Goodison Park,David Coote,Match Report,,1,2,1,1,1,,
26,Sat,8/2/2020,17:30,Brighton,0.7,1–1,0.3,Bournemouth,"30,443",The American Express Community Stadium,Kevin Friend,Match Report,,2,1,0,1,0,,
26,Sun,9/2/2020,14:00,Sheffield Utd,1.7,2–1,1.3,Manchester Utd,"30,361",Bramall Lane,Jonathan Moss,Match Report,,1,2,1,1,1,,
26,Fri,14/2/2020,20:00,Wolves,0.9,0–0,0.6,Sheffield Utd,"31,682",Molineux Stadium,Mike Dean,Match Report,,2,1,1,2,1,,
26,Sat,15/2/2020,12:30,Southampton,0.7,1–2,0.6,Leicester City,"26,302",St. Mary's Stadium,Simon Hooper,Match Report,,0,1,1,2,0,,
26,Sat,15/2/2020,17:30,Norwich,0.4,0–1,1.9,Burnley,"27,110",Carrow Road,Stuart Attwell,Match Report,,0,0,2,0,1,,
26,Sun,16/2/2020,14:00,Aston Villa,1.9,2–3,3.5,Aston Villa,"41,874",Villa Park,Martin Atkinson,Match Report,,0,2,4,0,1,,
26,Sun,16/2/2020,16:30,Arsenal,2,4–0,0.9,Newcastle,"60,188",Emirates Stadium,Lee Mason,Match Report,,1,2,1,1,1,,
26,Mon,17/2/2020,20:00,Chelsea,1.4,0–2,0.8,Everton,"40,504",Stamford Bridge,Anthony Taylor,Match Report,,0,1,1,2,0,,
26,Wed,19/2/2020,19:30,Manchester City,2.2,2–0,0.1,Watford,"52,159",Etihad Stadium,Kevin Friend,Match Report,,1,2,0,1,1,,
27,Sat,22/2/2020,12:30,Chelsea,1.6,2–1,0.4,Aston Villa,"40,608",Stamford Bridge,Michael Oliver,Match Report,,1,2,0,1,1,,
27,Sat,22/2/2020,15:00,Southampton,2.8,2–0,0.5,Manchester City,"31,478",St. Mary's Stadium,Craig Pawson,Match Report,,1,3,1,1,1,,
27,Sat,22/2/2020,15:00,Sheffield Utd,1.5,1–1,1,Chelsea,"31,888",Bramall Lane,Graham Scott,Match Report,,2,2,1,1,0,,
27,Sat,22/2/2020,15:00,Burnley,2.8,3–0,1.6,Manchester Utd,"18,227",Turf Moor,Mike Dean,Match Report,,1,3,2,1,1,,
27,Sat,22/2/2020,15:00,Crystal Palace,1.2,1–0,0.2,Newcastle,"25,486",Selhurst Park,Peter Bankes,Match Report,,1,1,0,1,1,,
27,Sat,22/2/2020,17:30,Leicester City,1.1,0–1,2.2,Southampton,"32,068",King Power Stadium,Paul Tierney,Match Report,,0,1,2,0,1,,
27,Sun,23/2/2020,14:00,Wolves,2.8,3–0,0.4,Crystal Palace,"31,046",Molineux Stadium,Chris Kavanagh,Match Report,,1,3,0,1,1,,
27,Sun,23/2/2020,14:00,Manchester Utd,2.4,3–0,0.3,Bournemouth,"73,347",Old Trafford,Martin Atkinson,Match Report,,1,2,0,1,1,,
27,Sun,23/2/2020,16:30,Arsenal,1.2,3–2,1.9,Arsenal,"60,296",Emirates Stadium,Stuart Attwell,Match Report,,1,1,2,0,0,,
27,Mon,24/2/2020,20:00,Liverpool,2.9,3–2,0.7,Watford,"53,313",Anfield,Jonathan Moss,Match Report,,1,3,1,1,1,,
28,Fri,28/2/2020,20:00,Norwich,0.8,1–0,1.2,Sheffield Utd,"27,010",Carrow Road,Craig Pawson,Match Report,,1,1,1,2,0,,
28,Sat,29/2/2020,12:30,Brighton,1.7,0–1,2.1,Wolves,"30,124",The American Express Community Stadium,Martin Atkinson,Match Report,,0,2,2,2,0,,
28,Sat,29/2/2020,15:00,Bournemouth,1.9,2–2,1.9,Tottenham,"10,667",Vitality Stadium,Andre Marriner,Match Report,,2,2,2,2,1,,
28,Sat,29/2/2020,15:00,West Ham,2.3,3–1,0.9,West Ham,"59,962",London Stadium,Anthony Taylor,Match Report,,1,2,1,1,1,,
28,Sat,29/2/2020,15:00,Newcastle,1.1,0–0,0.8,Leicester City,"52,219",St. James' Park,Andy Madley,Match Report,,2,1,1,2,1,,
28,Sat,29/2/2020,17:30,Watford,2.2,3–0,0.3,Burnley,"21,634",Vicarage Road Stadium,Michael Oliver,Match Report,,1,2,0,1,1,,
28,Sun,1/3/2020,14:00,Everton,2.3,1–1,1,Everton,"39,374",Goodison Park,Chris Kavanagh,Match Report,,2,2,1,1,0,,
28,Sun,1/3/2020,14:00,Tottenham,1.5,2–3,2.6,Norwich,"58,064",17 Hotspur Stadium,Stuart Attwell,Match Report,,0,2,3,0,1,,
29,Sat,7/3/2020,12:30,Liverpool,1.4,2–1,1.3,Manchester Utd,"53,323",Anfield,Paul Tierney,Match Report,,1,1,1,2,0,,
29,Sat,7/3/2020,15:00,Sheffield Utd,0.9,1–0,1.4,Crystal Palace,"31,379",Bramall Lane,Simon Hooper,Match Report,,1,1,1,2,0,,
29,Sat,7/3/2020,15:00,Crystal Palace,0.6,1–0,0.5,Bournemouth,"25,461",Selhurst Park,Anthony Taylor,Match Report,,1,1,1,2,0,,
29,Sat,7/3/2020,15:00,Southampton,0.4,0–1,2.8,Newcastle,"30,096",St. Mary's Stadium,Graham Scott,Match Report,,0,0,3,0,1,,
29,Sat,7/3/2020,15:00,Wolves,0.6,0–0,0.3,Chelsea,"31,490",Molineux Stadium,Andre Marriner,Match Report,,2,1,0,1,0,,
29,Sat,7/3/2020,15:00,Arsenal,1.1,1–0,1.7,Watford,"60,335",Emirates Stadium,Martin Atkinson,Match Report,,1,1,2,0,0,,
29,Sat,7/3/2020,17:30,Burnley,2.4,1–1,1.2,Aston Villa,"20,496",Turf Moor,Jonathan Moss,Match Report,,2,2,1,1,0,,
29,Sun,8/3/2020,14:00,Chelsea,1.9,4–0,0.6,Arsenal,"40,694",Stamford Bridge,Kevin Friend,Match Report,,1,2,1,1,1,,
29,Sun,8/3/2020,16:30,Manchester Utd,1.4,2–0,0.6,Southampton,"73,288",Old Trafford,Mike Dean,Match Report,,1,1,1,2,0,,
29,Mon,9/3/2020,20:00,Leicester City,2.3,4–0,0.5,Manchester City,"32,125",King Power Stadium,Michael Oliver,Match Report,,1,2,1,1,1,,
28,Wed,17/6/2020,18:00,Aston Villa,1.3,0–0,0.3,Brighton,,Villa Park,Michael Oliver,Match Report,,2,1,0,1,0,,
28,Wed,17/6/2020,20:15,Manchester City,3.3,3–0,0.2,Liverpool,,Etihad Stadium,Anthony Taylor,Match Report,,1,3,0,1,1,,
30,Fri,19/6/2020,18:00,Norwich,0.8,0–3,1.7,West Ham,,Carrow Road,Kevin Friend,Match Report,,0,1,2,0,1,,
30,Fri,19/6/2020,20:15,Tottenham,0.3,1–1,1.7,Everton,,17 Hotspur Stadium,Jonathan Moss,Match Report,,2,0,2,0,0,,
30,Sat,20/6/2020,12:30,Watford,0.8,1–1,0.8,Sheffield Utd,,Vicarage Road Stadium,Craig Pawson,Match Report,,2,1,1,2,1,,
30,Sat,20/6/2020,15:00,Brighton,1,2–1,1.3,Liverpool,,The American Express Community Stadium,Martin Atkinson,Match Report,,1,1,1,2,0,,
30,Sat,20/6/2020,17:30,West Ham,0.3,0–2,0.7,Norwich,,London Stadium,Anthony Taylor,Match Report,,0,0,1,0,1,,
30,Sat,20/6/2020,19:45,Bournemouth,0.8,0–2,0.6,Wolves,,Vitality Stadium,Stuart Attwell,Match Report,,0,1,1,2,0,,
30,Sun,21/6/2020,14:00,Newcastle,1.6,3–0,0.4,Brighton,,St. James' Park,David Coote,Match Report,,1,2,0,1,1,,
30,Sun,21/6/2020,16:15,Aston Villa,1.1,1–2,1.3,Tottenham,,Villa Park,Paul Tierney,Match Report,,0,1,1,2,0,,
30,Sun,21/6/2020,19:00,Everton,1.3,0–0,0.8,Burnley,,Goodison Park,Mike Dean,Match Report,,2,1,1,2,1,,
30,Mon,22/6/2020,20:00,Manchester City,3,5–0,0,Leicester City,,Etihad Stadium,Andre Marriner,Match Report,,1,3,0,1,1,,
31,Tue,23/6/2020,18:00,Leicester City,0.6,0–0,1.2,Chelsea,,King Power Stadium,Lee Mason,Match Report,,2,1,1,2,1,,
31,Tue,23/6/2020,20:15,Tottenham,1.6,2–0,0.8,Watford,,17 Hotspur Stadium,Craig Pawson,Match Report,,1,2,1,1,1,,
31,Wed,24/6/2020,18:00,Manchester Utd,2.2,3–0,0.2,Brighton,,Old Trafford,Anthony Taylor,Match Report,,1,2,0,1,1,,
31,Wed,24/6/2020,18:00,Norwich,0.4,0–1,0.8,Arsenal,,Carrow Road,Andy Madley,Match Report,,0,0,1,0,1,,
31,Wed,24/6/2020,18:00,Newcastle,0.7,1–1,1.1,Manchester City,,St. James' Park,Chris Kavanagh,Match Report,,2,1,1,2,1,,
31,Wed,24/6/2020,18:00,Wolves,1.3,1–0,0.1,Manchester Utd,,Molineux Stadium,Michael Oliver,Match Report,,1,1,0,1,1,,
31,Wed,24/6/2020,20:15,Liverpool,2.5,4–0,0.2,Wolves,,Anfield,Martin Atkinson,Match Report,,1,3,0,1,1,,
31,Thu,25/6/2020,18:00,Southampton,0.7,0–2,2.7,Liverpool,,St. Mary's Stadium,Graham Scott,Match Report,,0,1,3,0,1,,
31,Thu,25/6/2020,18:00,Burnley,1.1,1–0,0.7,Bournemouth,,Turf Moor,Mike Dean,Match Report,,1,1,1,2,0,,
31,Thu,25/6/2020,20:15,Chelsea,3.1,2–1,0.5,Southampton,,Stamford Bridge,Stuart Attwell,Match Report,,1,3,1,1,1,,
32,Sat,27/6/2020,12:30,Aston Villa,0.3,0–1,0.4,Norwich,,Villa Park,Craig Pawson,Match Report,,0,0,0,2,0,,
32,Sun,28/6/2020,16:30,Watford,0.4,1–3,1.1,West Ham,,Vicarage Road Stadium,Michael Oliver,Match Report,,0,0,1,0,1,,
32,Mon,29/6/2020,20:00,Crystal Palace,1.1,0–1,0.5,Leicester City,,Selhurst Park,Simon Hooper,Match Report,,0,1,1,2,0,,
32,Tue,30/6/2020,20:15,Brighton,0.5,0–3,0.8,Everton,,The American Express Community Stadium,Andre Marriner,Match Report,,0,1,1,2,0,,
32,Wed,1/7/2020,18:00,Everton,1.1,2–1,1.6,Sheffield Utd,,Goodison Park,David Coote,Match Report,,1,1,2,0,0,,
32,Wed,1/7/2020,18:00,Bournemouth,1.4,1–4,1.5,Newcastle,,Vitality Stadium,Kevin Friend,Match Report,,0,1,2,0,1,,
32,Wed,1/7/2020,18:00,Arsenal,2.1,4–0,0.2,Crystal Palace,,Emirates Stadium,Peter Bankes,Match Report,,1,2,0,1,1,,
32,Wed,1/7/2020,20:15,West Ham,2.8,3–2,1.6,Tottenham,,London Stadium,Martin Atkinson,Match Report,,1,3,2,1,1,,
32,Thu,2/7/2020,18:00,Sheffield Utd,1.6,3–1,1,Aston Villa,,Bramall Lane,Chris Kavanagh,Match Report,,1,2,1,1,1,,
32,Thu,2/7/2020,20:15,Manchester City,2.7,4–0,1.3,Burnley,,Etihad Stadium,Anthony Taylor,Match Report,,1,3,1,1,1,,
33,Sat,4/7/2020,12:30,Norwich,0.5,0–1,0.5,Chelsea,,Carrow Road,Stuart Attwell,Match Report,,0,1,1,2,0,,
33,Sat,4/7/2020,15:00,Leicester City,2.4,3–0,0.5,Wolves,,King Power Stadium,Jonathan Moss,Match Report,,1,2,1,1,1,,
33,Sat,4/7/2020,15:00,Manchester Utd,2.2,5–2,1.2,Manchester Utd,,Old Trafford,Mike Dean,Match Report,,1,2,1,1,1,,
33,Sat,4/7/2020,17:30,Wolves,0.9,0–2,1.2,Liverpool,,Molineux Stadium,Michael Oliver,Match Report,,0,1,1,2,0,,
33,Sat,4/7/2020,20:00,Chelsea,2.3,3–0,0.4,Bournemouth,,Stamford Bridge,Kevin Friend,Match Report,,1,2,0,1,1,,
33,Sun,5/7/2020,12:00,Burnley,1.5,1–1,1.3,Brighton,,Turf Moor,Peter Bankes,Match Report,,2,2,1,1,0,,
33,Sun,5/7/2020,14:15,Newcastle,1,2–2,1.6,Watford,,St. James' Park,Craig Pawson,Match Report,,2,1,2,0,0,,
33,Sun,5/7/2020,16:30,Liverpool,0.8,2–0,0.5,Manchester City,,Anfield,Paul Tierney,Match Report,,1,1,1,2,0,,
33,Sun,5/7/2020,19:00,Southampton,0.8,1–0,2.9,Southampton,,St. Mary's Stadium,Andre Marriner,Match Report,,1,1,3,0,0,,
33,Mon,6/7/2020,20:00,Tottenham,0.6,1–0,0.4,Arsenal,,17 Hotspur Stadium,Graham Scott,Match Report,,1,1,0,1,1,,
34,Tue,7/7/2020,18:00,Watford,0.8,2–1,1.4,Crystal Palace,,Vicarage Road Stadium,Anthony Taylor,Match Report,,1,1,1,2,0,,
34,Tue,7/7/2020,18:00,Crystal Palace,1.4,2–3,1.9,Tottenham,,Selhurst Park,David Coote,Match Report,,0,1,2,0,1,,
34,Tue,7/7/2020,20:15,Arsenal,1.7,1–1,1.7,Sheffield Utd,,Emirates Stadium,Chris Kavanagh,Match Report,,2,2,2,2,1,,
34,Wed,8/7/2020,18:00,West Ham,1.8,0–1,1,Leicester City,,London Stadium,Michael Oliver,Match Report,,0,2,1,1,0,,
34,Wed,8/7/2020,18:00,Manchester City,3.3,5–0,0.2,Newcastle,,Etihad Stadium,Andy Madley,Match Report,,1,3,0,1,1,,
34,Wed,8/7/2020,18:00,Sheffield Utd,0.7,1–0,0.4,Norwich,,Bramall Lane,Martin Atkinson,Match Report,,1,1,0,1,1,,
34,Wed,8/7/2020,20:15,Brighton,2.2,1–3,1.9,Burnley,,The American Express Community Stadium,Craig Pawson,Match Report,,0,2,2,2,0,,
34,Thu,9/7/2020,18:00,Bournemouth,1.1,0–0,0.6,Aston Villa,,Vitality Stadium,Paul Tierney,Match Report,,2,1,1,2,1,,
34,Thu,9/7/2020,18:00,Everton,1,1–1,2.4,West Ham,,Goodison Park,Lee Mason,Match Report,,2,1,2,0,0,,
34,Thu,9/7/2020,20:15,Aston Villa,0.5,0–3,2.6,Everton,,Villa Park,Jonathan Moss,Match Report,,0,1,3,0,1,,
35,Sat,11/7/2020,12:30,Watford,3,2–1,1.4,Newcastle,,Vicarage Road Stadium,Craig Pawson,Match Report,,1,3,1,1,1,,
35,Sat,11/7/2020,12:30,Norwich,0.7,0–4,2.7,Watford,,Carrow Road,Kevin Friend,Match Report,,0,1,3,0,1,,
35,Sat,11/7/2020,15:00,Liverpool,2.1,1–1,0.8,Leicester City,,Anfield,David Coote,Match Report,,2,2,1,1,0,,
35,Sat,11/7/2020,17:30,Sheffield Utd,1.9,3–0,0.9,Tottenham,,Bramall Lane,Andre Marriner,Match Report,,1,2,1,1,1,,
35,Sat,11/7/2020,20:00,Brighton,0.1,0–5,5,Southampton,,The American Express Community Stadium,Graham Scott,Match Report,,0,0,5,0,1,,
35,Sun,12/7/2020,12:00,Wolves,2.4,3–0,0.3,Arsenal,,Molineux Stadium,Anthony Taylor,Match Report,,1,2,0,1,1,,
35,Sun,12/7/2020,14:15,Aston Villa,1.7,2–0,1.3,Wolves,,Villa Park,Martin Atkinson,Match Report,,1,2,1,1,1,,
35,Sun,12/7/2020,16:30,Tottenham,1.5,2–1,0.8,Liverpool,,17 Hotspur Stadium,Michael Oliver,Match Report,,1,2,1,1,1,,
35,Sun,12/7/2020,19:00,Bournemouth,1.8,4–1,1.2,Sheffield Utd,,Vitality Stadium,Stuart Attwell,Match Report,,1,2,1,1,1,,
35,Mon,13/7/2020,20:00,Manchester Utd,1.2,2–2,1.6,West Ham,,Old Trafford,Chris Kavanagh,Match Report,,2,1,2,0,0,,
36,Tue,14/7/2020,20:15,Chelsea,2.4,1–0,0,Crystal Palace,,Stamford Bridge,Jonathan Moss,Match Report,,1,2,0,1,1,,
36,Wed,15/7/2020,18:00,Burnley,1.8,1–1,1.1,Norwich,,Turf Moor,Mike Dean,Match Report,,2,2,1,1,0,,
36,Wed,15/7/2020,18:00,Manchester City,0.8,2–1,1.7,Manchester Utd,,Etihad Stadium,Lee Mason,Match Report,,1,1,2,0,0,,
36,Wed,15/7/2020,18:00,Newcastle,1.1,1–3,1.3,Aston Villa,,St. James' Park,David Coote,Match Report,,0,1,1,2,0,,
36,Wed,15/7/2020,20:15,Arsenal,1.1,2–1,2.8,Burnley,,Emirates Stadium,Paul Tierney,Match Report,,1,1,3,0,0,,
36,Thu,16/7/2020,18:00,Leicester City,2.2,2–0,0.2,Brighton,,King Power Stadium,Michael Oliver,Match Report,,1,2,0,1,1,,
36,Thu,16/7/2020,18:00,Everton,0.6,1–1,1.5,Manchester City,,Goodison Park,Anthony Taylor,Match Report,,2,1,2,0,0,,
36,Thu,16/7/2020,20:15,Southampton,1.9,1–1,0.8,Chelsea,,St. Mary's Stadium,Andre Marriner,Match Report,,2,2,1,1,0,,
36,Thu,16/7/2020,20:15,Crystal Palace,0.8,0–2,1.8,Everton,,Selhurst Park,Graham Scott,Match Report,,0,1,2,0,1,,
36,Fri,17/7/2020,20:00,West Ham,0.7,3–1,1.5,Bournemouth,,London Stadium,Martin Atkinson,Match Report,,1,1,2,0,0,,
37,Sat,18/7/2020,17:30,Norwich,0.3,0–2,1.8,Leicester City,,Carrow Road,Kevin Friend,Match Report,,0,0,2,0,1,,
37,Sun,19/7/2020,14:00,Bournemouth,1.1,0–2,2.1,West Ham,,Vitality Stadium,Craig Pawson,Match Report,,0,1,2,0,1,,
37,Sun,19/7/2020,16:00,Tottenham,0.5,3–0,1.7,Sheffield Utd,,17 Hotspur Stadium,Anthony Taylor,Match Report,,1,1,2,0,0,,
37,Mon,20/7/2020,18:00,Brighton,0.6,0–0,0.7,Newcastle,,The American Express Community Stadium,Simon Hooper,Match Report,,2,1,1,2,1,,
37,Mon,20/7/2020,18:00,Sheffield Utd,0.5,0–1,0.3,Arsenal,,Bramall Lane,Stuart Attwell,Match Report,,0,1,0,1,0,,
37,Mon,20/7/2020,20:15,Wolves,1.5,2–0,0.3,Wolves,,Molineux Stadium,Peter Bankes,Match Report,,1,2,0,1,1,,
37,Tue,21/7/2020,18:00,Watford,0.1,0–4,3.5,Southampton,,Vicarage Road Stadium,Michael Oliver,Match Report,,0,0,4,0,1,,
37,Tue,21/7/2020,20:15,Aston Villa,0.6,1–0,0.7,Liverpool,,Villa Park,Chris Kavanagh,Match Report,,1,1,1,2,0,,
37,Wed,22/7/2020,18:00,Manchester Utd,0.7,1–1,1.8,Watford,,Old Trafford,Paul Tierney,Match Report,,2,1,2,0,0,,
37,Wed,22/7/2020,20:15,Liverpool,1.4,5–3,2.3,Tottenham,,Anfield,Andre Marriner,Match Report,,1,1,2,0,0,,
38,Sun,26/7/2020,16:00,Southampton,2.2,3–1,1.4,Brighton,,St. Mary's Stadium,Peter Bankes,Match Report,,1,2,1,1,1,,
38,Sun,26/7/2020,16:00,Burnley,1.8,1–2,1.1,Chelsea,,Turf Moor,Jonathan Moss,Match Report,,0,2,1,1,0,,
38,Sun,26/7/2020,16:00,West Ham,0.7,1–1,1.2,Manchester City,,London Stadium,Michael Oliver,Match Report,,2,1,1,2,1,,
38,Sun,26/7/2020,16:00,Chelsea,1.3,2–0,0.2,Norwich,,Stamford Bridge,Stuart Attwell,Match Report,,1,1,0,1,1,,
38,Sun,26/7/2020,16:00,Everton,2.2,1–3,1.8,Manchester Utd,,Goodison Park,Chris Kavanagh,Match Report,,0,2,2,2,0,,
38,Sun,26/7/2020,16:00,Crystal Palace,0.8,1–1,0.4,Aston Villa,,Selhurst Park,Andre Marriner,Match Report,,2,1,0,1,0,,
38,Sun,26/7/2020,16:00,Arsenal,1.7,3–2,3.4,Bournemouth,,Emirates Stadium,Mike Dean,Match Report,,1,2,3,0,0,,
38,Sun,26/7/2020,16:00,Manchester City,3.2,5–0,1.1,Crystal Palace,,Etihad Stadium,Craig Pawson,Match Report,,1,3,1,1,1,,
38,Sun,26/7/2020,16:00,Newcastle,0.4,1–3,0.6,Burnley,,St. James' Park,Anthony Taylor,Match Report,,0,0,1,0,1,,
38,Sun,26/7/2020,16:00,Leicester City,1.4,0–2,1.9,Everton,,King Power Stadium,Martin Atkinson,Match Report,,0,1,2,0,1,56.57894737,